Year,Rank,Team,Payroll
2025,1,Los Angeles Dodgers,321000000.0
2025,2,New York Mets,315000000.0
2025,3,Philadelphia Phillies,278000000.0
2025,4,New York Yankees,272000000.0
2025,5,Toronto Blue Jays,233000000.0
2025,6,Texas Rangers,206000000.0
2025,7,Houston Astros,204000000.0
2025,8,Atlanta Braves,202000000.0
2025,9,San Diego Padres,197000000.0
2025,10,Los Angeles Angels,192000000.0
2025,11,Boston Red Sox,184000000.0
2025,12,Chicago Cubs,184000000.0
2025,13,Arizona Diamondbacks,174000000.0
2025,14,San Francisco Giants,158000000.0
2025,15,Baltimore Orioles,150000000.0
2025,16,Seattle Mariners,138000000.0
2025,17,Minnesota Twins,137000000.0
2025,18,Detroit Tigers,131000000.0
2025,19,St. Louis Cardinals,122000000.0
2025,20,Kansas City Royals,113000000.0
2025,21,Colorado Rockies,112000000.0
2025,22,Cincinnati Reds,103000000.0
2025,23,Washington Nationals,100000000.0
2025,24,Milwaukee Brewers,94000000.0
2025,25,Cleveland Guardians,82000000.0
2025,26,Pittsburgh Pirates,75000000.0
2025,27,Tampa Bay Rays,73000000.0
2025,28,Chicago White Sox,59000000.0
2025,29,Oakland Athletics,55000000.0
2025,30,Miami Marlins,47000000.0
2024,1,New York Mets,301731074.0
2024,2,New York Yankees,293666666.0
2024,3,Houston Astros,237303141.0
2024,4,Philadelphia Phillies,236182617.0
2024,5,Atlanta Braves,225315000.0
2024,6,Texas Rangers,221955000.0
2024,7,Toronto Blue Jays,221876784.0
2024,8,Los Angeles Dodgers,220691666.0
2024,9,Chicago Cubs,216330000.0
2024,10,San Francisco Giants,188767909.0
2024,11,St. Louis Cardinals,164301667.0
2024,12,Boston Red Sox,162324847.0
2024,13,Los Angeles Angels,158818094.0
2024,14,Arizona Diamondbacks,156511716.0
2024,15,San Diego Padres,153765453.0
2024,16,Colorado Rockies,134099285.0
2024,17,Seattle Mariners,129158333.0
2024,18,Minnesota Twins,118886590.0
2024,19,Chicago White Sox,117773333.0
2024,20,Kansas City Royals,105219570.0
2024,21,Washington Nationals,95371429.0
2024,22,Detroit Tigers,95073933.0
2024,23,Baltimore Orioles,94495168.0
2024,24,Milwaukee Brewers,94484960.0
2024,25,Cincinnati Reds,88123333.0
2024,26,Tampa Bay Rays,88066012.0
2024,27,Cleveland Guardians,86433928.0
2024,28,Miami Marlins,83710000.0
2024,29,Pittsburgh Pirates,72014000.0
2024,30,Oakland Athletics,47905000.0
2023,1,New York Mets,334233332.0
2023,2,New York Yankees,268954047.0
2023,3,San Diego Padres,236962024.0
2023,4,Philadelphia Phillies,232424939.0
2023,5,Los Angeles Dodgers,218332634.0
2023,6,Toronto Blue Jays,205680777.0
2023,7,Los Angeles Angels,204088094.0
2023,8,Atlanta Braves,199727500.0
2023,9,Texas Rangers,183578160.0
2023,10,Chicago White Sox,180911666.0
2023,11,Houston Astros,180888333.0
2023,12,Chicago Cubs,180115000.0
2023,13,Boston Red Sox,175783182.0
2023,14,San Francisco Giants,175590000.0
2023,15,Colorado Rockies,166250466.0
2023,16,St. Louis Cardinals,147770834.0
2023,17,Minnesota Twins,141271190.0
2023,18,Seattle Mariners,129814047.0
2023,19,Arizona Diamondbacks,112763571.0
2023,20,Milwaukee Brewers,108644960.0
2023,21,Detroit Tigers,105338500.0
2023,22,Cincinnati Reds,86374500.0
2023,23,Miami Marlins,81075000.0
2023,24,Washington Nationals,79983095.0
2023,25,Kansas City Royals,75825000.0
2023,26,Cleveland Guardians,75010000.0
2023,27,Baltimore Orioles,64907966.0
2023,28,Tampa Bay Rays,64652911.0
2023,29,Pittsburgh Pirates,60787500.0
2023,30,Oakland Athletics,43145000.0
2022,1,Los Angeles Dodgers,277108333.0
2022,2,New York Mets,253119999.0
2022,3,New York Yankees,240290714.0
2022,4,Philadelphia Phillies,221738462.0
2022,5,San Diego Padres,208772618.0
2022,6,Boston Red Sox,195166000.0
2022,7,Chicago White Sox,181660734.0
2022,8,Atlanta Braves,173935000.0
2022,9,Los Angeles Angels,169413094.0
2022,10,Toronto Blue Jays,168070905.0
2022,11,Houston Astros,163939599.0
2022,12,St. Louis Cardinals,150746666.0
2022,13,San Francisco Giants,142292500.0
2022,14,Tes Rangers,134961333.0
2022,15,Chicago Cubs,130560000.0
2022,16,Colorado Rockies,129452166.0
2022,17,Milwaukee Brewers,122281128.0
2022,18,Detroit Tigers,116040000.0
2022,19,Washington Nationals,114623095.0
2022,20,Minnesota Twins,110859524.0
2022,21,Cincinnati Reds,99580000.0
2022,22,Seattle Mariners,92745714.0
2022,23,Arizona Diamondbacks,75993333.0
2022,24,Tampa Bay Rays,75347813.0
2022,25,Kansas City Royals,74110000.0
2022,26,Miami Marlins,69000000.0
2022,27,Cleveland Guardians,42310000.0
2022,28,Pittsburgh Pirates,37875000.0
2022,29,Oakland Athletics,32548334.0
2022,30,Baltimore Orioles,30221166.0
2021,1,Los Angeles Dodgers,235412876.0
2021,2,New York Yankees,191205631.0
2021,3,Boston Red Sox,180261996.0
2021,4,Los Angeles Angels,177353000.0
2021,5,Philadelphia Phillies,174009000.0
2021,6,San Diego Padres,171686600.0
2021,7,Houston Astros,171018567.0
2021,8,New York Mets,167415024.0
2021,9,Washington Nationals,161907528.0
2021,10,Chicago Cubs,149665500.0
2021,11,Toronto Blue Jays,137133333.0
2021,12,St. Louis Cardinals,135047200.0
2021,13,Atlanta Braves,134459435.0
2021,14,San Francisco Giants,127889903.0
2021,15,Chicago White Sox,125987500.0
2021,16,Minnesota Twins,121003834.0
2021,17,Cincinnati Reds,118748164.0
2021,18,Colorado Rockies,103986666.0
2021,19,Arizona Diamondbacks,89077233.0
2021,20,Kansas City Royals,87779400.0
2021,21,Milwaukee Brewers,87569366.0
2021,22,Texas Rangers,84868750.0
2021,23,Detroit Tigers,80398600.0
2021,24,Oakland Athletics,74615000.0
2021,25,Seattle Mariners,64553500.0
2021,26,Tampa Bay Rays,60388600.0
2021,27,Miami Marlins,49425000.0
2021,28,Cleveland Guardians,46833300.0
2021,29,Baltimore Orioles,45701135.0
2021,30,Pittsburgh Pirates,35905000.0
2020,1,New York Yankees,110852878.0
2020,2,Los Angeles Dodgers,105747176.0
2020,3,Boston Red Sox,84478422.0
2020,4,Houston Astros,81848621.0
2020,5,New York Mets,80296949.0
2020,6,Chicago Cubs,76166963.0
2020,7,Philadelphia Phillies,74604761.0
2020,8,San Francisco Giants,71170857.0
2020,9,St. Louis Cardinals,70452778.0
2020,10,San Diego Padres,69465574.0
2020,11,Los Angeles Angels,69282429.0
2020,12,Washington Nationals,66525837.0
2020,13,Atlanta Braves,66275488.0
2020,14,Arizona Diamondbacks,64201669.0
2020,15,Texas Rangers,63687408.0
2020,16,Colorado Rockies,60330370.0
2020,17,Cincinnati Reds,53315987.0
2020,18,Chicago White Sox,51404630.0
2020,19,Toronto Blue Jays,50989164.0
2020,20,Minnesota Twins,48747770.0
2020,21,Seattle Mariners,48421623.0
2020,22,Detroit Tigers,43069928.0
2020,23,Milwaukee Brewers,39405276.0
2020,24,Cleveland Guardians,37642966.0
2020,25,Kansas City Royals,35631531.0
2020,26,Oakland Athletics,35520598.0
2020,27,Tampa Bay Rays,28735222.0
2020,28,Miami Marlins,28560819.0
2020,29,Pittsburgh Pirates,24770928.0
2020,30,Baltimore Orioles,23918577.0
2019,1,Chicago Cubs,194081714.0
2019,2,Boston Red Sox,187232500.0
2019,3,San Francisco Giants,157271237.0
2019,4,Washington Nationals,154176081.0
2019,5,Houston Astros,147619666.0
2019,6,Los Angeles Angels,132175083.0
2019,7,Philadelphia Phillies,131152962.0
2019,8,St. Louis Cardinals,125365166.0
2019,9,Colorado Rockies,125185509.0
2019,10,New York Yankees,118832077.0
2019,11,Seattle Mariners,116382175.0
2019,12,Cincinnati Reds,106440714.0
2019,13,Tampa Bay Rays,49084731.0
2019,14,Texas Rangers,104349564.0
2019,15,Milwaukee Brewers,108403700.0
2019,16,Minnesota Twins,101056933.0
2019,17,Los Angeles Dodgers,99803334.0
2019,18,Detroit Tigers,97988900.0
2019,19,Arizona Diamondbacks,96777231.0
2019,20,New York Mets,91576770.0
2019,21,Atlanta Braves,89551043.0
2019,22,Cleveland Guardians,88713833.0
2019,23,Oakland Athletics,84345833.0
2019,24,Chicago White Sox,83757121.0
2019,25,Kansas City Royals,67941887.0
2019,26,Miami Marlins,69574714.0
2019,27,Baltimore Orioles,61124882.0
2019,28,San Diego Padres,63068635.0
2019,29,Pittsburgh Pirates,54577502.0
2019,30,Toronto Blue Jays,54568171.0
2018,1,Boston Red Sox,235650000.0
2018,2,San Francisco Giants,208510000.0
2018,3,Los Angeles Dodgers,186140000.0
2018,4,Chicago Cubs,183460000.0
2018,5,Washington Nationals,181590000.0
2018,6,Los Angeles Angels,175100000.0
2018,7,New York Yankees,168540000.0
2018,8,Seattle Mariners,162480000.0
2018,9,Toronto Blue Jays,162316000.0
2018,10,St. Louis Cardinals,161010000.0
2018,11,Houston Astros,160040000.0
2018,12,New York Mets,154610000.0
2018,13,Texas Rangers,144000000.0
2018,14,Baltimore Orioles,143090000.0
2018,15,Colorado Rockies,141340000.0
2018,16,Cleveland Guardians,134350000.0
2018,17,Arizona Diamondbacks,132500000.0
2018,18,Minnesota Twins,131910000.0
2018,19,Detroit Tigers,129920000.0
2018,20,Kansas City Royals,129920000.0
2018,21,Atlanta Braves,120540000.0
2018,22,Cincinnati Reds,101190000.0
2018,23,Miami Marlins,98640000.0
2018,24,Philadelphia Phillies,96850000.0
2018,25,San Diego Padres,96130000.0
2018,26,Milwaukee Brewers,90240000.0
2018,27,Pittsburgh Pirates,87880000.0
2018,28,Tampa Bay Rays,78730000.0
2018,29,Chicago White Sox,72180000.0
2018,30,Oakland Athletics,68530000.0
2017,1,Los Angeles Dodgers,242065828.0
2017,2,New York Yankees,201539699.0
2017,3,Boston Red Sox,199805178.0
2017,4,Detroit Tigers,199750600.0
2017,5,Toronto Blue Jays,177795368.0
2017,6,Texas Rangers,175909063.0
2017,7,San Francisco Giants,172354611.0
2017,8,Chicago Cubs,172189880.0
2017,9,Washington Nationals,167846918.0
2017,10,Baltimore Orioles,163676616.0
2017,11,Los Angeles Angels,160375333.0
2017,12,New York Mets,155187460.0
2017,13,Seattle Mariners,154800918.0
2017,14,St. Louis Cardinals,152452933.0
2017,15,Kansas City Royals,140925250.0
2017,16,Colorado Rockies,130963571.0
2017,17,Cleveland Guardians,124861165.0
2017,18,Houston Astros,124343900.0
2017,19,Atlanta Braves,112437541.0
2017,20,Miami Marlins,111881100.0
2017,21,Philadelphia Phillies,111378000.0
2017,22,Minnesota Twins,108077500.0
2017,23,Pittsburgh Pirates,100575946.0
2017,24,Chicago White Sox,99119770.0
2017,25,Cincinnati Reds,93768785.0
2017,26,Arizona Diamondbacks,93257600.0
2017,27,Oakland Athletics,81738333.0
2017,28,San Diego Padres,71624400.0
2017,29,Tampa Bay Rays,69962532.0
2017,30,Milwaukee Brewers,63061300.0
2016,1,Los Angeles Dodgers,223352402.0
2016,2,New York Yankees,213472857.0
2016,3,Boston Red Sox,182161414.0
2016,4,Detroit Tigers,172282250.0
2016,5,San Francisco Giants,166495942.0
2016,6,Washington Nationals,166010977.0
2016,7,Los Angeles Angels,146449583.0
2016,8,Texas Rangers,144307373.0
2016,9,Philadelphia Phillies,133048000.0
2016,10,Toronto Blue Jays,126369628.0
2016,11,Seattle Mariners,122706842.0
2016,12,St. Louis Cardinals,120301957.0
2016,13,Cincinnati Reds,116732284.0
2016,14,Chicago Cubs,116654522.0
2016,15,Baltimore Orioles,115587632.0
2016,16,Kansas City Royals,112914525.0
2016,17,San Diego Padres,112895700.0
2016,18,Minnesota Twins,108262000.0
2016,19,New York Mets,99626453.0
2016,20,Chicago White Sox,98712867.0
2016,21,Milwaukee Brewers,98683035.0
2016,22,Colorado Rockies,98261171.0
2016,23,Atlanta Braves,87622648.0
2016,24,Cleveland Guardians,86339067.0
2016,25,Pittsburgh Pirates,85885832.0
2016,26,Miami Marlins,84637500.0
2016,27,Oakland Athletics,80279166.0
2016,28,Tampa Bay Rays,73649584.0
2016,29,Arizona Diamondbacks,70762833.0
2016,30,Houston Astros,69064200.0

